Unnamed: 0,album,track_number,id,uri,acousticness,danceability,energy,instrumentalness,liveness,loudness,speechiness,tempo,valence,popularity,song_name
0,Speak Now (Taylor's Version),1,7G0gBu6nLdhFDPRLc0HdDG,spotify:track:7G0gBu6nLdhFDPRLc0HdDG,0.00444,0.646,0.783,1.38e-06,0.171,-2.846,0.0356,121.08,0.49,84,mine
1,Speak Now (Taylor's Version),2,3MytWN8L7shNYzGl4tAKRp,spotify:track:3MytWN8L7shNYzGl4tAKRp,0.0251,0.588,0.758,0.0,0.131,-2.347,0.0305,114.991,0.387,81,sparks fly
2,Speak Now (Taylor's Version),3,79uDOz0zuuWS7HWxzMmTa2,spotify:track:79uDOz0zuuWS7HWxzMmTa2,0.00621,0.497,0.635,0.0,0.117,-3.927,0.0273,142.063,0.203,84,back to december
3,Speak Now (Taylor's Version),4,5xXqyjLicvEpch72qEryFT,spotify:track:5xXqyjLicvEpch72qEryFT,0.248,0.727,0.677,0.0,0.143,-2.871,0.0325,118.995,0.639,80,speak now
4,Speak Now (Taylor's Version),5,1zU8j1x3yi9xalMF96pzKp,spotify:track:1zU8j1x3yi9xalMF96pzKp,0.0236,0.419,0.47,0.0,0.163,-5.016,0.0296,119.294,0.133,80,dear john
5,Speak Now (Taylor's Version),6,30Y4CV7A6YqtQtTTo7Ue4j,spotify:track:30Y4CV7A6YqtQtTTo7Ue4j,0.311,0.524,0.692,0.0,0.192,-3.866,0.0369,163.874,0.621,80,mean
6,Speak Now (Taylor's Version),7,6dTA6y0C2ReQklntzZl8l3,spotify:track:6dTA6y0C2ReQklntzZl8l3,0.00192,0.515,0.781,0.0,0.054,-2.608,0.0535,139.846,0.57,79,the story of us
7,Speak Now (Taylor's Version),8,2EFZ9emtKWEglWUQGEQ3P9,spotify:track:2EFZ9emtKWEglWUQGEQ3P9,0.851,0.685,0.323,0.0,0.198,-7.103,0.0289,125.058,0.569,75,never grow up
8,Speak Now (Taylor's Version),9,3sW3oSbzsfecv9XoUdGs7h,spotify:track:3sW3oSbzsfecv9XoUdGs7h,0.012,0.505,0.532,0.0,0.149,-3.526,0.0265,81.907,0.216,87,enchanted
9,Speak Now (Taylor's Version),10,0NwGC0v03ysCYINtg6ns58,spotify:track:0NwGC0v03ysCYINtg6ns58,0.000886,0.496,0.885,0.0,0.191,-2.969,0.0803,145.863,0.665,82,better than revenge
10,Speak Now (Taylor's Version),11,12nBPF4Rh4XLFJV0YLN7uj,spotify:track:12nBPF4Rh4XLFJV0YLN7uj,0.101,0.522,0.598,0.0,0.152,-5.327,0.0284,133.627,0.149,74,innocent
11,Speak Now (Taylor's Version),12,4tMzIAFTFdqGBQLdfbPces,spotify:track:4tMzIAFTFdqGBQLdfbPces,0.00667,0.427,0.915,0.0,0.221,-1.909,0.0619,162.201,0.355,77,haunted
12,Speak Now (Taylor's Version),13,59KOoHFcw5XfICnO57holu,spotify:track:59KOoHFcw5XfICnO57holu,0.447,0.55,0.366,4.43e-06,0.101,-8.46,0.0276,79.401,0.16,78,last kiss
13,Speak Now (Taylor's Version),14,4hqJ4bSlYJOXb6Z4SRmzxs,spotify:track:4hqJ4bSlYJOXb6Z4SRmzxs,0.0122,0.375,0.65,0.0,0.189,-4.031,0.0402,203.89,0.0752,82,long live
14,Speak Now (Taylor's Version),15,3yNJkriPzWjkkDAWHIAVUq,spotify:track:3yNJkriPzWjkkDAWHIAVUq,0.449,0.535,0.488,0.0,0.111,-8.261,0.0278,159.813,0.348,75,ours
15,Speak Now (Taylor's Version),16,4evLyY5Ue1Wesc61t2KXAU,spotify:track:4evLyY5Ue1Wesc61t2KXAU,0.0031,0.533,0.742,0.0,0.108,-3.473,0.0303,131.93,0.356,72,superman
16,Speak Now (Taylor's Version),17,4e3ZNTAV6PCrdYMUrUlMpQ,spotify:track:4e3ZNTAV6PCrdYMUrUlMpQ,0.0164,0.547,0.855,0.0,0.144,-4.7,0.0597,131.073,0.282,79,electric touch
17,Speak Now (Taylor's Version),18,0zo975x58DlXbZllWvfYhg,spotify:track:0zo975x58DlXbZllWvfYhg,0.159,0.474,0.763,0.0,0.138,-4.632,0.0505,78.133,0.231,79,when emma falls in love
18,Speak Now (Taylor's Version),19,5kHMfzgLZP95O9NBy0ku4v,spotify:track:5kHMfzgLZP95O9NBy0ku4v,0.0586,0.694,0.764,0.0,0.0608,-4.893,0.0337,123.044,0.819,88,i can see you
19,Speak Now (Taylor's Version),20,4ABYxlb92WBIjHu7TIKmml,spotify:track:4ABYxlb92WBIjHu7TIKmml,0.362,0.576,0.57,0.0,0.0668,-7.925,0.0434,147.803,0.378,79,castles crumbling
20,Speak Now (Taylor's Version),21,4s8BIKx4Zh6ryAEz8RTlaU,spotify:track:4s8BIKx4Zh6ryAEz8RTlaU,0.617,0.671,0.588,0.0,0.111,-4.675,0.0299,96.965,0.543,79,foolish one
21,Speak Now (Taylor's Version),22,1HCdems7PQZRj42QDWLA0A,spotify:track:1HCdems7PQZRj42QDWLA0A,0.3,0.624,0.585,0.0,0.0916,-5.847,0.0328,142.883,0.65,78,timeless
65,Midnights,1,5jQI2r1RdgtuT8S3iG8zFC,spotify:track:5jQI2r1RdgtuT8S3iG8zFC,0.258,0.733,0.436,0.000573,0.157,-10.489,0.08,96.985,0.0976,85,lavender haze
66,Midnights,2,3eX0NZfLtGzoLUxPNvRfqm,spotify:track:3eX0NZfLtGzoLUxPNvRfqm,0.0573,0.637,0.398,1.03e-06,0.101,-8.294,0.0564,108.075,0.0374,81,maroon
67,Midnights,3,0V3wPSX9ygBnCm8psDIegu,spotify:track:0V3wPSX9ygBnCm8psDIegu,0.13,0.637,0.643,1.8e-06,0.142,-6.571,0.0519,97.008,0.533,92,anti-hero
68,Midnights,4,1wtOxkiel43cVs0Yux5Q4h,spotify:track:1wtOxkiel43cVs0Yux5Q4h,0.69,0.663,0.319,0.000993,0.117,-13.481,0.0375,109.957,0.193,79,snow on the beach
69,Midnights,5,4D7BCuvgdJlYvlX5WlN54t,spotify:track:4D7BCuvgdJlYvlX5WlN54t,0.401,0.696,0.396,5.2e-06,0.125,-10.289,0.0656,120.041,0.38,84,"you're on your own, kid"
70,Midnights,6,3rWDp9tBPQR9z6U5YyRSK4,spotify:track:3rWDp9tBPQR9z6U5YyRSK4,0.69,0.643,0.363,5.17e-05,0.115,-11.738,0.0767,139.865,0.23,85,midnight rain
71,Midnights,7,0heeNYlwOGuUSe7TgUD27B,spotify:track:0heeNYlwOGuUSe7TgUD27B,0.2,0.751,0.502,0.0,0.296,-8.763,0.167,108.943,0.106,75,question...?
72,Midnights,8,1xwAWUI6Dj0WGC3KiUPN0O,spotify:track:1xwAWUI6Dj0WGC3KiUPN0O,0.173,0.798,0.277,5.25e-05,0.121,-11.096,0.39,79.846,0.163,81,vigilante shit
73,Midnights,9,3qoftcUZaUOncvIYjFSPdE,spotify:track:3qoftcUZaUOncvIYjFSPdE,0.0618,0.696,0.559,5.58e-05,0.0887,-9.19,0.0693,163.999,0.433,84,bejeweled
74,Midnights,10,0A1JLUlkZkp2EFrosoNQi0,spotify:track:0A1JLUlkZkp2EFrosoNQi0,0.785,0.406,0.306,0.488,0.122,-15.48,0.0517,110.014,0.122,75,labyrinth
75,Midnights,11,7KokYm8cMIXCsGVmUvKtqf,spotify:track:7KokYm8cMIXCsGVmUvKtqf,0.0734,0.642,0.62,0.0,0.483,-7.091,0.0666,90.02,0.0969,89,karma
76,Midnights,12,0wavGRldH0AWyu2zvTz8zb,spotify:track:0wavGRldH0AWyu2zvTz8zb,0.964,0.337,0.156,7.72e-05,0.115,-14.919,0.0518,176.655,0.39,77,sweet nothing
77,Midnights,13,7FmYn9e7KHMXcxqGSj9LjH,spotify:track:7FmYn9e7KHMXcxqGSj9LjH,0.553,0.662,0.357,0.00129,0.0837,-14.064,0.154,125.966,0.124,78,mastermind
78,Red (Taylor's Version),1,6lzc0Al0zfZOIFsFvBS1ki,spotify:track:6lzc0Al0zfZOIFsFvBS1ki,0.000328,0.594,0.713,0.0,0.114,-5.314,0.0503,129.958,0.328,72,state of grace
79,Red (Taylor's Version),2,4OAuvHryIVv4kMDNSLuPt6,spotify:track:4OAuvHryIVv4kMDNSLuPt6,0.00108,0.516,0.777,1.62e-06,0.0761,-4.908,0.0375,125.047,0.408,81,red
80,Red (Taylor's Version),3,3S7HNKPakdwNEBFIVTL6dZ,spotify:track:3S7HNKPakdwNEBFIVTL6dZ,0.0344,0.645,0.593,0.000127,0.13,-6.506,0.0288,109.984,0.299,73,treacherous
81,Red (Taylor's Version),4,6AtZLIzUINvExIUy4QhdjP,spotify:track:6AtZLIzUINvExIUy4QhdjP,0.0129,0.584,0.557,0.0,0.0576,-6.371,0.0342,154.008,0.767,80,i knew you were trouble
82,Red (Taylor's Version),5,3nsfB1vus2qaloUdcBZvDu,spotify:track:3nsfB1vus2qaloUdcBZvDu,0.0171,0.44,0.528,0.00203,0.234,-7.809,0.0317,185.972,0.132,78,all too well
83,Red (Taylor's Version),6,3yII7UwgLF6K5zW3xad3MP,spotify:track:3yII7UwgLF6K5zW3xad3MP,0.000443,0.642,0.695,1.02e-05,0.0753,-5.62,0.0281,103.984,0.642,79,22
84,Red (Taylor's Version),7,2r9CbjYgFhtAmcFv1cSquB,spotify:track:2r9CbjYgFhtAmcFv1cSquB,0.0167,0.511,0.559,0.0,0.113,-6.587,0.0264,145.88,0.248,71,i almost do
85,Red (Taylor's Version),8,5YqltLsjdqFtvqE7Nrysvs,spotify:track:5YqltLsjdqFtvqE7Nrysvs,0.0317,0.567,0.686,1.86e-06,0.0732,-6.139,0.175,172.014,0.716,81,we are never ever getting back together
86,Red (Taylor's Version),9,7eQj6r5PIdYKEIZjucBMcq,spotify:track:7eQj6r5PIdYKEIZjucBMcq,0.0848,0.693,0.681,0.0,0.0768,-7.039,0.025,100.02,0.663,71,stay stay stay
87,Red (Taylor's Version),10,0y6kdSRCVQhSsHSpWvTUm7,spotify:track:0y6kdSRCVQhSsHSpWvTUm7,0.0399,0.502,0.534,0.0,0.0977,-5.954,0.0278,94.05,0.155,74,the last time
88,Red (Taylor's Version),11,7J4b3LVCIGO4CMBDFLPoP6,spotify:track:7J4b3LVCIGO4CMBDFLPoP6,0.0288,0.622,0.809,0.00218,0.109,-5.623,0.0638,156.894,0.511,71,holy ground
89,Red (Taylor's Version),12,73qMN9bXy7MSPwwGfH3wQr,spotify:track:73qMN9bXy7MSPwwGfH3wQr,0.622,0.601,0.406,9.19e-05,0.133,-11.827,0.0275,130.059,0.232,72,sad beautiful tragic
90,Red (Taylor's Version),13,4e5ayHsOLJNLTGfjau2mEw,spotify:track:4e5ayHsOLJNLTGfjau2mEw,0.066,0.686,0.571,0.0,0.0608,-7.138,0.05,117.889,0.538,70,the lucky one
91,Red (Taylor's Version),14,7qEUFOVcxRI19tbT68JcYK,spotify:track:7qEUFOVcxRI19tbT68JcYK,0.271,0.498,0.61,0.0,0.223,-5.098,0.0363,79.918,0.474,76,everything has changed
92,Red (Taylor's Version),15,7A2cNLRT0YJc1yjxHlKihs,spotify:track:7A2cNLRT0YJc1yjxHlKihs,0.00324,0.628,0.685,0.0,0.18,-5.864,0.0358,126.014,0.605,70,starlight
93,Red (Taylor's Version),16,05GsNucq8Bngd9fnd4fRa0,spotify:track:05GsNucq8Bngd9fnd4fRa0,0.075,0.519,0.527,0.0,0.132,-7.673,0.0274,78.915,0.267,73,begin again
94,Red (Taylor's Version),17,0NRHj8hDwwmSPaA41o379r,spotify:track:0NRHj8hDwwmSPaA41o379r,0.0494,0.636,0.402,0.0,0.107,-7.855,0.031,125.952,0.208,70,the moment i knew
95,Red (Taylor's Version),18,4pNApnaUWAL2J4KO2eqokq,spotify:track:4pNApnaUWAL2J4KO2eqokq,0.0158,0.46,0.632,0.0,0.0822,-6.031,0.0302,79.846,0.399,73,come back...be here
96,Red (Taylor's Version),19,0DMVrlMUn01M0IcpDbwgu7,spotify:track:0DMVrlMUn01M0IcpDbwgu7,0.00955,0.691,0.736,1.88e-05,0.101,-6.974,0.0326,125.089,0.612,68,girl at home
97,Red (Taylor's Version),20,5jAIouBES8LWMiriuNq170,spotify:track:5jAIouBES8LWMiriuNq170,0.663,0.445,0.131,1.57e-06,0.108,-13.778,0.0564,208.918,0.101,67,state of grace
98,Red (Taylor's Version),21,7nWui6jiMM2m9qFmET1Mtj,spotify:track:7nWui6jiMM2m9qFmET1Mtj,0.661,0.623,0.279,0.0,0.193,-10.802,0.031,116.04,0.38,65,ronan
99,Red (Taylor's Version),22,4OmFmE0fzcMG6g0Y8p4eSD,spotify:track:4OmFmE0fzcMG6g0Y8p4eSD,0.214,0.473,0.579,0.0,0.0877,-5.824,0.0384,73.942,0.255,73,better man
100,Red (Taylor's Version),23,01K4zKU104LyJ8gMb7227B,spotify:track:01K4zKU104LyJ8gMb7227B,0.817,0.606,0.377,0.0,0.154,-9.455,0.0275,101.96,0.446,77,nothing new
101,Red (Taylor's Version),24,0v4z1tuZvn6LGknom9Qx7d,spotify:track:0v4z1tuZvn6LGknom9Qx7d,0.0538,0.584,0.743,2.83e-06,0.121,-7.075,0.0931,167.844,0.746,74,babe
102,Red (Taylor's Version),25,3z6XUommYDWPHeFhmhhT6j,spotify:track:3z6XUommYDWPHeFhmhhT6j,0.00188,0.622,0.791,3.72e-06,0.083,-6.106,0.0535,115.915,0.494,74,message in a bottle
103,Red (Taylor's Version),26,4CkgMiMqZ5JzW9iYXSTMTL,spotify:track:4CkgMiMqZ5JzW9iYXSTMTL,0.167,0.391,0.715,0.0,0.183,-4.516,0.0495,149.654,0.473,77,i bet you think about me
104,Red (Taylor's Version),27,3oGVx9RBmiYGv5ZCecWLkx,spotify:track:3oGVx9RBmiYGv5ZCecWLkx,0.256,0.611,0.552,0.0,0.134,-5.828,0.031,116.012,0.41,70,forever winter
105,Red (Taylor's Version),28,4IQkfUsrwXol38VV3U7t7T,spotify:track:4IQkfUsrwXol38VV3U7t7T,0.817,0.61,0.488,0.0,0.312,-6.918,0.0293,125.039,0.443,72,run
106,Red (Taylor's Version),29,6pYNq0ZwpPVazKzsqpf0G8,spotify:track:6pYNq0ZwpPVazKzsqpf0G8,0.00115,0.678,0.733,0.0,0.104,-5.025,0.0281,121.009,0.581,76,the very first night
107,Red (Taylor's Version),30,5enxwA8aAbwZbf5qCHORXi,spotify:track:5enxwA8aAbwZbf5qCHORXi,0.274,0.631,0.518,0.0,0.088,-8.771,0.0303,93.023,0.205,87,all too well
108,Fearless (Taylor's Version),1,77sMIMlNaSURUAXq5coCxE,spotify:track:77sMIMlNaSURUAXq5coCxE,0.0122,0.569,0.741,0.0,0.333,-4.963,0.0282,100.118,0.43,85,fearless
109,Fearless (Taylor's Version),2,2nqio0SfWg6gh2eCtfuMa5,spotify:track:2nqio0SfWg6gh2eCtfuMa5,0.116,0.559,0.646,0.0,0.32,-4.61,0.0272,95.466,0.289,73,fifteen
110,Fearless (Taylor's Version),3,6YvqWjhGD8mB5QXcbcUKtx,spotify:track:6YvqWjhGD8mB5QXcbcUKtx,0.13,0.627,0.792,3.97e-06,0.0845,-4.311,0.031,119.054,0.415,82,love story
111,Fearless (Taylor's Version),4,550erGcdD9n6PnwxrvYqZT,spotify:track:550erGcdD9n6PnwxrvYqZT,0.106,0.788,0.571,0.0,0.0934,-6.135,0.0296,115.99,0.797,71,hey stephen
112,Fearless (Taylor's Version),5,5YL553x8sHderRBDlm3NM3,spotify:track:5YL553x8sHderRBDlm3NM3,0.369,0.423,0.517,0.0,0.177,-7.377,0.0486,185.262,0.366,72,white horse
113,Fearless (Taylor's Version),6,1qrpoAMXodY6895hGKoUpA,spotify:track:1qrpoAMXodY6895hGKoUpA,0.0623,0.632,0.773,0.0,0.0885,-4.856,0.0346,130.033,0.474,86,you belong with me
114,Fearless (Taylor's Version),7,7HC7R2D8WjXVcUHJyEGjRs,spotify:track:7HC7R2D8WjXVcUHJyEGjRs,0.156,0.506,0.626,0.0,0.228,-6.066,0.0287,148.035,0.321,69,breathe
115,Fearless (Taylor's Version),8,0k0vFacOHNuArLWMiH60p7,spotify:track:0k0vFacOHNuArLWMiH60p7,0.0222,0.578,0.909,0.0,0.333,-3.669,0.0628,100.023,0.541,68,tell me why
116,Fearless (Taylor's Version),9,6iiAfo4wTA2CVC3Uwx9uh8,spotify:track:6iiAfo4wTA2CVC3Uwx9uh8,0.0538,0.506,0.444,0.0,0.123,-4.99,0.0285,133.873,0.241,70,you’re not sorry
117,Fearless (Taylor's Version),10,22bPsP2jCgbLUvh82U0Z3M,spotify:track:22bPsP2jCgbLUvh82U0Z3M,0.0033,0.402,0.732,0.0,0.108,-4.665,0.0484,161.032,0.472,83,the way i loved you
118,Fearless (Taylor's Version),11,1msEuwSBneBKpVCZQcFTsU,spotify:track:1msEuwSBneBKpVCZQcFTsU,0.0231,0.598,0.821,0.0,0.143,-4.433,0.0447,128.03,0.673,74,forever & always
119,Fearless (Taylor's Version),12,6ON9UuIq49xXY9GPmHIYRp,spotify:track:6ON9UuIq49xXY9GPmHIYRp,0.488,0.642,0.576,0.0,0.159,-8.524,0.0282,125.0,0.469,67,the best day
120,Fearless (Taylor's Version),13,3ExweHKZF9B752DPQByRVT,spotify:track:3ExweHKZF9B752DPQByRVT,0.000191,0.499,0.815,0.0,0.181,-4.063,0.0341,95.999,0.344,66,change
121,Fearless (Taylor's Version),14,2m3ObD945KvpE5y9A1eUWm,spotify:track:2m3ObD945KvpE5y9A1eUWm,0.0474,0.572,0.69,0.0,0.0897,-6.201,0.0358,160.111,0.624,68,jump then fall
122,Fearless (Taylor's Version),15,0tQ9vBYpldCuikPsbgOVKA,spotify:track:0tQ9vBYpldCuikPsbgOVKA,0.0181,0.393,0.531,0.0,0.169,-6.112,0.0329,200.391,0.224,68,untouchable
123,Fearless (Taylor's Version),16,01QdEx6kFr78ZejhQtWR5m,spotify:track:01QdEx6kFr78ZejhQtWR5m,0.819,0.546,0.273,0.0,0.137,-9.208,0.0308,118.753,0.271,67,forever & always
124,Fearless (Taylor's Version),17,1n2wszmJyVkw6FHqyLnQsY,spotify:track:1n2wszmJyVkw6FHqyLnQsY,0.0406,0.476,0.564,0.0,0.102,-5.677,0.0269,143.929,0.167,65,come in with the rain
125,Fearless (Taylor's Version),18,51A8eKvvZz9uydvIZ7xRSV,spotify:track:51A8eKvvZz9uydvIZ7xRSV,0.157,0.454,0.555,0.0,0.343,-6.69,0.0283,171.862,0.171,64,superstar
126,Fearless (Taylor's Version),19,1cSFlSBdpT4F5vb1frQ231,spotify:track:1cSFlSBdpT4F5vb1frQ231,0.0279,0.432,0.873,0.0,0.167,-4.367,0.0577,163.936,0.629,70,the other side of the door
127,Fearless (Taylor's Version),20,2JoJrsEV15OzbijS47lids,spotify:track:2JoJrsEV15OzbijS47lids,0.0135,0.482,0.779,0.0,0.296,-5.025,0.0409,158.162,0.328,67,today was a fairytale
128,Fearless (Taylor's Version),21,4CHpVfAhuxNJ3ibExe6kxO,spotify:track:4CHpVfAhuxNJ3ibExe6kxO,0.816,0.599,0.494,0.0,0.101,-7.61,0.0372,142.893,0.44,65,you all over me
129,Fearless (Taylor's Version),22,2CYVETnhM9aytqrazYYwrK,spotify:track:2CYVETnhM9aytqrazYYwrK,0.162,0.66,0.817,0.0,0.0667,-6.269,0.0521,135.942,0.714,77,mr. perfectly fine
130,Fearless (Taylor's Version),23,34V9RiEPe8MNdU32qJsJa1,spotify:track:34V9RiEPe8MNdU32qJsJa1,0.849,0.609,0.373,0.0,0.0779,-8.819,0.0263,106.007,0.13,68,we were happy
131,Fearless (Taylor's Version),24,7eResoqEJJAVTkQYSqvO3P,spotify:track:7eResoqEJJAVTkQYSqvO3P,0.225,0.588,0.608,0.0,0.092,-7.062,0.0365,90.201,0.508,69,that’s when
132,Fearless (Taylor's Version),25,4uuEGH5SVuzkkSFjo2DEiY,spotify:track:4uuEGH5SVuzkkSFjo2DEiY,0.514,0.563,0.473,1.2e-05,0.109,-11.548,0.0503,101.934,0.405,69,don’t you
133,Fearless (Taylor's Version),26,4qUijfYU8EoIWiY6oSyrgT,spotify:track:4qUijfYU8EoIWiY6oSyrgT,0.334,0.624,0.624,0.0,0.0995,-7.86,0.0539,80.132,0.527,67,bye bye baby
151,evermore,1,0lx2cLdOt3piJbcaXIV74f,spotify:track:0lx2cLdOt3piJbcaXIV74f,0.833,0.392,0.574,0.00179,0.145,-9.195,0.17,81.112,0.529,82,willow
152,evermore,2,0sY6ZUTh4yoctD8VIXz339,spotify:track:0sY6ZUTh4yoctD8VIXz339,0.92,0.462,0.24,0.0,0.113,-12.077,0.0377,171.319,0.32,82,champagne problems
153,evermore,3,5BK0uqwY9DNfZ630STAEaq,spotify:track:5BK0uqwY9DNfZ630STAEaq,0.83,0.512,0.462,0.166,0.121,-10.491,0.0408,112.05,0.353,75,gold rush
154,evermore,4,7dW84mWkdWE5a6lFWxJCBG,spotify:track:7dW84mWkdWE5a6lFWxJCBG,0.735,0.575,0.434,6.59e-05,0.105,-8.193,0.0312,145.916,0.348,76,‘tis the damn season
155,evermore,5,0PurA4JVJ8YQgSVopY8fn6,spotify:track:0PurA4JVJ8YQgSVopY8fn6,0.878,0.316,0.361,2.67e-05,0.0797,-10.381,0.0488,74.952,0.221,78,tolerate it
156,evermore,6,3RaT22zZsxVYxxKR7TAaYF,spotify:track:3RaT22zZsxVYxxKR7TAaYF,0.418,0.546,0.613,0.0,0.103,-7.589,0.0264,79.015,0.535,73,"no body, no crime"
157,evermore,7,73YUReisjb3A9ActdLLjJQ,spotify:track:73YUReisjb3A9ActdLLjJQ,0.87,0.559,0.334,0.0,0.114,-10.733,0.0376,122.079,0.211,70,happiness
158,evermore,8,670fUmXf4KQekzbEgaXyPA,spotify:track:670fUmXf4KQekzbEgaXyPA,0.696,0.605,0.488,0.0,0.129,-8.322,0.0264,119.966,0.354,69,dorothea
159,evermore,9,3k7ne7VmH43ZPWxPdvPUgR,spotify:track:3k7ne7VmH43ZPWxPdvPUgR,0.819,0.537,0.537,0.000904,0.142,-11.266,0.0617,107.895,0.292,68,coney island
160,evermore,10,19CSr8rwW05VJL2F91KFNK,spotify:track:19CSr8rwW05VJL2F91KFNK,0.855,0.515,0.545,1.97e-05,0.0921,-9.277,0.0353,88.856,0.535,74,ivy
161,evermore,11,1XjHRolIXL2M1EEOUsGGR4,spotify:track:1XjHRolIXL2M1EEOUsGGR4,0.768,0.604,0.517,0.000155,0.123,-9.014,0.0347,127.967,0.511,72,cowboy like me
162,evermore,12,2o2sgVJIgFXk8GQjWTgI6U,spotify:track:2o2sgVJIgFXk8GQjWTgI6U,0.66,0.546,0.73,0.179,0.0972,-7.704,0.0417,157.895,0.573,69,long story short
163,evermore,13,12ntTeqEeTg7GAVpe8Mhpl,spotify:track:12ntTeqEeTg7GAVpe8Mhpl,0.876,0.535,0.561,0.000136,0.115,-11.609,0.0484,96.103,0.287,75,marjorie
164,evermore,14,35rdVq36LMHQX0Suw9a6tK,spotify:track:35rdVq36LMHQX0Suw9a6tK,0.835,0.689,0.704,4.83e-06,0.134,-10.813,0.245,151.884,0.92,66,closure
165,evermore,15,3O5osWf1rSoKMwe6E9ZaXP,spotify:track:3O5osWf1rSoKMwe6E9ZaXP,0.937,0.39,0.27,0.00227,0.111,-10.673,0.0308,125.177,0.32,70,evermore
217,folklore,1,0Jlcvv8IykzHaSmj49uNW8,spotify:track:0Jlcvv8IykzHaSmj49uNW8,0.757,0.777,0.357,7.28e-06,0.108,-6.942,0.0522,139.883,0.172,81,the 1
218,folklore,2,4R2kfaDFhslZEMJqAFNpdd,spotify:track:4R2kfaDFhslZEMJqAFNpdd,0.537,0.613,0.581,0.000345,0.25,-8.588,0.0424,130.033,0.551,91,cardigan
219,folklore,3,2Eeur20xVqfUoM3Q7EFPFt,spotify:track:2Eeur20xVqfUoM3Q7EFPFt,0.467,0.686,0.662,0.0023,0.109,-8.505,0.0413,147.922,0.706,78,the last great american dynasty
220,folklore,4,4pvb0WLRcMtbPGmtejJJ6y,spotify:track:4pvb0WLRcMtbPGmtejJJ6y,0.778,0.298,0.38,5.62e-05,0.11,-8.426,0.0287,75.602,0.152,83,exile
221,folklore,5,1MgV7FIyNxIG7WzMRJV5HC,spotify:track:1MgV7FIyNxIG7WzMRJV5HC,0.806,0.456,0.263,0.0,0.0749,-10.63,0.0332,129.86,0.111,81,my tears ricochet
222,folklore,6,0ZNU020wNYvgW84iljPkPP,spotify:track:0ZNU020wNYvgW84iljPkPP,0.687,0.553,0.413,2.33e-06,0.0594,-10.037,0.0334,110.107,0.379,81,mirrorball
223,folklore,7,6KJqZcs9XDgVck7Lg9QOTC,spotify:track:6KJqZcs9XDgVck7Lg9QOTC,0.9,0.596,0.488,2.7e-05,0.091,-10.769,0.0274,94.926,0.415,78,seven
224,folklore,8,3hUxzQpSfdDqwM3ZTFQY0K,spotify:track:3hUxzQpSfdDqwM3ZTFQY0K,0.538,0.532,0.623,7.28e-05,0.0925,-9.208,0.0331,89.937,0.403,92,august
225,folklore,9,7kt9e9LFSpN1zQtYEl19o1,spotify:track:7kt9e9LFSpN1zQtYEl19o1,0.314,0.515,0.476,4.74e-05,0.171,-9.843,0.0328,135.886,0.412,80,this is me trying
226,folklore,10,2NmsngXHeC1GQ9wWrzhOMf,spotify:track:2NmsngXHeC1GQ9wWrzhOMf,0.881,0.559,0.31,0.0,0.106,-10.445,0.0338,119.845,0.46,80,illicit affairs
227,folklore,11,6VsvKPJ4xjVNKpI8VVZ3SV,spotify:track:6VsvKPJ4xjVNKpI8VVZ3SV,0.838,0.653,0.452,7.73e-05,0.108,-11.143,0.055,83.433,0.45,79,invisible string
228,folklore,12,2QDyYdZyhlP2fp79KZX8Bi,spotify:track:2QDyYdZyhlP2fp79KZX8Bi,0.655,0.592,0.699,1.68e-05,0.114,-8.995,0.0471,141.916,0.506,72,mad woman
229,folklore,13,08fa9LFcFBTcilB3iq2e2A,spotify:track:08fa9LFcFBTcilB3iq2e2A,0.731,0.354,0.267,0.000402,0.0858,-13.69,0.0281,94.219,0.113,70,epiphany
230,folklore,14,5kI4eCXXzyuIUXjQra0Cxi,spotify:track:5kI4eCXXzyuIUXjQra0Cxi,0.6,0.593,0.377,0.0,0.0976,-8.761,0.0253,95.939,0.502,78,betty
231,folklore,15,7MbT4I8qGntX4fMdqMQgke,spotify:track:7MbT4I8qGntX4fMdqMQgke,0.918,0.647,0.272,1.73e-05,0.0918,-12.906,0.0916,150.044,0.339,72,peace
232,folklore,16,6MWoRt97mnSTXZhu3ggi9C,spotify:track:6MWoRt97mnSTXZhu3ggi9C,0.966,0.662,0.181,3.86e-06,0.133,-15.065,0.0415,118.819,0.429,71,hoax
233,Lover,1,43rA71bccXFGD4C8GOpIlN,spotify:track:43rA71bccXFGD4C8GOpIlN,0.298,0.664,0.316,2.03e-06,0.0812,-10.345,0.519,92.875,0.541,77,i forgot that you existed
234,Lover,2,1BxfuPKGuaTgP7aM0Bbdwr,spotify:track:1BxfuPKGuaTgP7aM0Bbdwr,0.117,0.552,0.702,2.06e-05,0.105,-5.707,0.157,169.994,0.564,99,cruel summer
235,Lover,3,1dGr1c8CrMLDpV6mPbImSI,spotify:track:1dGr1c8CrMLDpV6mPbImSI,0.492,0.359,0.543,1.58e-05,0.118,-7.582,0.0919,68.534,0.453,91,lover
236,Lover,4,3RauEVgRgj1IuWdJ9fDs70,spotify:track:3RauEVgRgj1IuWdJ9fDs70,0.0767,0.777,0.658,0.0,0.0901,-5.191,0.054,110.048,0.633,86,the man
237,Lover,5,3pHkh7d0lzM2AldUtz2x37,spotify:track:3pHkh7d0lzM2AldUtz2x37,0.12,0.292,0.574,0.00569,0.0663,-9.375,0.0401,124.344,0.166,82,the archer
238,Lover,6,2YWtcWi3a83pdEg3Gif4Pd,spotify:track:2YWtcWi3a83pdEg3Gif4Pd,0.00889,0.897,0.366,0.000353,0.0715,-8.029,0.0569,100.003,0.416,79,i think he knows
239,Lover,7,214nt20w5wOxJnY462klLw,spotify:track:214nt20w5wOxJnY462klLw,0.028,0.662,0.747,0.00615,0.138,-6.926,0.0736,150.088,0.487,83,miss americana & the heartbreak prince
240,Lover,8,4y5bvROuBDPr5fuwXbIBZR,spotify:track:4y5bvROuBDPr5fuwXbIBZR,0.0129,0.811,0.719,1.36e-05,0.0742,-6.553,0.0497,103.979,0.865,86,paper rings
241,Lover,9,12M5uqx0ZuwkpLp5rJim1a,spotify:track:12M5uqx0ZuwkpLp5rJim1a,0.781,0.824,0.624,0.000189,0.1,-9.728,0.0827,102.012,0.248,81,cornelia street
242,Lover,10,2dgFqt3w9xIQRjhPtwNk3D,spotify:track:2dgFqt3w9xIQRjhPtwNk3D,0.454,0.712,0.732,0.0,0.319,-6.754,0.0629,94.071,0.313,79,death by a thousand cuts
243,Lover,11,1LLXZFeAHK9R4xUramtUKw,spotify:track:1LLXZFeAHK9R4xUramtUKw,0.0246,0.695,0.71,0.000104,0.133,-6.639,0.05,157.925,0.557,81,london boy
244,Lover,12,4AYtqFyFbX0Xkc2wtcygTr,spotify:track:4AYtqFyFbX0Xkc2wtcygTr,0.907,0.433,0.182,0.0,0.123,-12.566,0.0641,207.476,0.421,73,soon you’ll get better
245,Lover,13,5hQSXkFgbxjZo9uCwd11so,spotify:track:5hQSXkFgbxjZo9uCwd11so,0.736,0.739,0.32,0.000147,0.111,-10.862,0.239,79.97,0.351,78,false god
246,Lover,14,6RRNNciQGZEXnqk8SQ9yv5,spotify:track:6RRNNciQGZEXnqk8SQ9yv5,0.00929,0.771,0.671,0.0,0.0637,-5.617,0.0553,85.026,0.714,83,you need to calm down
247,Lover,15,1SymEzIT3H8UZfibCs3TYi,spotify:track:1SymEzIT3H8UZfibCs3TYi,0.13,0.756,0.449,0.0,0.114,-8.746,0.0344,111.011,0.399,82,afterglow
248,Lover,16,2Rk4JlNc2TPmZe2af99d45,spotify:track:2Rk4JlNc2TPmZe2af99d45,0.033,0.61,0.83,0.0,0.118,-4.105,0.0571,182.162,0.728,81,me!
249,Lover,17,1SmiQ65iSAbPto6gPFlBYm,spotify:track:1SmiQ65iSAbPto6gPFlBYm,0.971,0.737,0.175,0.000337,0.171,-9.912,0.0401,70.008,0.545,72,it’s nice to have a friend
250,Lover,18,1fzAuUVbzlhZ1lJAx9PtY6,spotify:track:1fzAuUVbzlhZ1lJAx9PtY6,0.808,0.557,0.496,0.000173,0.0772,-9.602,0.0563,149.983,0.265,84,daylight
251,reputation,1,2yLa0QULdQr0qAIvVwN6B5,spotify:track:2yLa0QULdQr0qAIvVwN6B5,0.0527,0.613,0.764,0.0,0.197,-6.509,0.136,160.015,0.417,84,...ready for it?
252,reputation,2,2x0WlnmfG39ZuDmstl9xfX,spotify:track:2x0WlnmfG39ZuDmstl9xfX,0.00845,0.649,0.589,0.0,0.108,-6.237,0.0558,159.073,0.151,81,end game
253,reputation,3,4svZDCRz4cJoneBpjpx8DJ,spotify:track:4svZDCRz4cJoneBpjpx8DJ,0.0679,0.696,0.602,2.11e-05,0.0696,-6.156,0.159,82.989,0.305,82,i did something bad
254,reputation,4,1R0a2iXumgCiFb7HEZ7gUE,spotify:track:1R0a2iXumgCiFb7HEZ7gUE,0.106,0.615,0.534,1.76e-05,0.0607,-6.719,0.0386,135.917,0.193,91,don’t blame me
255,reputation,5,6NFyWDv5CjfwuzoCkw47Xf,spotify:track:6NFyWDv5CjfwuzoCkw47Xf,0.216,0.75,0.404,0.000357,0.0911,-10.178,0.0682,95.045,0.0499,87,delicate
256,reputation,6,1P17dC1amhFzptugyAO7Il,spotify:track:1P17dC1amhFzptugyAO7Il,0.204,0.766,0.709,1.41e-05,0.126,-6.471,0.123,128.07,0.506,86,look what you made me do
257,reputation,7,5PxFv9yJEg9dxvbZggykro,spotify:track:5PxFv9yJEg9dxvbZggykro,0.122,0.574,0.61,1.1e-06,0.13,-7.283,0.0732,74.957,0.374,76,so it goes...
258,reputation,8,1ZY1PqizIl78geGM4xWlEA,spotify:track:1ZY1PqizIl78geGM4xWlEA,0.0713,0.8,0.535,9.48e-06,0.213,-6.684,0.135,92.027,0.451,84,gorgeous
259,reputation,9,0VE4kBnHJUgtMf0dy6DRmW,spotify:track:0VE4kBnHJUgtMf0dy6DRmW,0.00465,0.562,0.689,2.23e-06,0.0888,-6.745,0.127,172.054,0.351,87,getaway car
260,reputation,10,7HuBDWi18s4aJM8UFnNheH,spotify:track:7HuBDWi18s4aJM8UFnNheH,0.00882,0.675,0.703,2.21e-06,0.0391,-7.902,0.0382,110.01,0.314,80,king of my heart
261,reputation,11,7I7JbDv63ZJJsSi24DyJrz,spotify:track:7I7JbDv63ZJJsSi24DyJrz,0.0604,0.624,0.691,1.1e-05,0.138,-6.686,0.196,160.024,0.284,78,dancing with our hands tied
262,reputation,12,6oVxXO5oQ4pTpO8RSnkzvv,spotify:track:6oVxXO5oQ4pTpO8RSnkzvv,0.0329,0.719,0.469,0.0,0.169,-8.792,0.0533,120.085,0.0851,82,dress
263,reputation,13,07NxDD1iKCHbAldceD7QLP,spotify:track:07NxDD1iKCHbAldceD7QLP,0.0156,0.567,0.789,0.0,0.382,-5.986,0.115,163.96,0.438,78,this is why we can't have nice things
264,reputation,14,1GwMQaZz6Au3QLDbjbMdme,spotify:track:1GwMQaZz6Au3QLDbjbMdme,0.186,0.598,0.504,0.000221,0.34,-9.874,0.0731,163.954,0.252,81,call it what you want
265,reputation,15,7F5oktn5YOsR9eR5YsFtqb,spotify:track:7F5oktn5YOsR9eR5YsFtqb,0.921,0.661,0.151,0.0,0.13,-12.864,0.0354,94.922,0.23,76,new year’s day
331,1989,1,6qnM0XXPZOINWA778uNqQ9,spotify:track:6qnM0XXPZOINWA778uNqQ9,0.038,0.793,0.634,1.76e-06,0.304,-4.807,0.0324,117.024,0.615,69,welcome to new york
332,1989,2,1p80LdxRV74UKvL8gnD7ky,spotify:track:1p80LdxRV74UKvL8gnD7ky,0.085,0.753,0.678,1.64e-06,0.13,-5.421,0.0644,96.006,0.583,82,blank space
333,1989,3,4lIxdJw6W3Fg4vUIYCB0S5,spotify:track:4lIxdJw6W3Fg4vUIYCB0S5,0.00253,0.598,0.786,0.0016,0.117,-5.572,0.0383,95.019,0.456,82,style
334,1989,4,5OndtwLGA9O6XHFcGm2H7r,spotify:track:5OndtwLGA9O6XHFcGm2H7r,0.00103,0.552,0.842,1.17e-05,0.337,-6.938,0.0373,91.991,0.343,71,out of the woods
335,1989,5,0dAb8TY433dl3ZfXYCLE19,spotify:track:0dAb8TY433dl3ZfXYCLE19,0.00196,0.602,0.736,4.57e-05,0.105,-5.778,0.0338,96.969,0.471,69,all you had to do was stay
336,1989,6,5xTtaWoae3wi06K5WfVUUH,spotify:track:5xTtaWoae3wi06K5WfVUUH,0.0561,0.647,0.785,0.0,0.148,-5.414,0.165,160.015,0.943,79,shake it off
337,1989,7,3wmN11qXGL0HyPojvEE1D9,spotify:track:3wmN11qXGL0HyPojvEE1D9,0.016,0.648,0.898,9.91e-05,0.109,-5.963,0.0513,118.02,0.502,62,i wish you would
338,1989,8,273dCMFseLcVsoSWx59IoE,spotify:track:273dCMFseLcVsoSWx59IoE,0.0871,0.65,0.802,6.54e-06,0.148,-6.114,0.181,170.146,0.295,75,bad blood
339,1989,9,59HjlYCeBsxdI0fcm3zglw,spotify:track:59HjlYCeBsxdI0fcm3zglw,0.0702,0.554,0.666,0.00593,0.106,-7.414,0.0747,140.056,0.472,76,wildest dreams
340,1989,10,4dYUOfmWna6DFccnz732n8,spotify:track:4dYUOfmWna6DFccnz732n8,0.00461,0.764,0.66,0.00477,0.0915,-6.136,0.0494,119.988,0.524,60,how you get the girl
341,1989,11,3oKMl2tJv4fdidkXUYMI5x,spotify:track:3oKMl2tJv4fdidkXUYMI5x,0.635,0.475,0.459,0.0,0.101,-8.768,0.0333,143.988,0.0828,56,this love
342,1989,12,3jBMHD19RZdAqG9iFQh7xc,spotify:track:3jBMHD19RZdAqG9iFQh7xc,0.231,0.596,0.763,0.0,0.2,-4.99,0.0661,159.958,0.507,58,i know places
343,1989,13,06WgOCf0LV2h4keYXDRnuh,spotify:track:06WgOCf0LV2h4keYXDRnuh,0.241,0.81,0.379,0.0,0.113,-7.771,0.0349,103.981,0.22,60,clean
